{"cameraMode":{"drawMode":0,"name":"Shaded","section":"Shading Mode"},"sceneLighting":false,"audioPlay":false,"sceneViewState":{"showFog":true,"showMaterialUpdate":false,"showSkybox":false,"showFlares":true,"showImageEffects":true,"showParticleSystems":true},"in2DMode":false,"pivot":{"x":-1.2802734375,"y":1.229248046875,"z":3.965087890625},"rotation":{"x":0.27547529339790347,"y":-0.21401642262935639,"z":0.06305377930402756,"w":0.93506920337677},"size":3.7549617290496828,"orthographic":true}