{"cameraMode":{"drawMode":0,"name":"Shaded","section":"Shading Mode"},"sceneLighting":false,"audioPlay":false,"sceneViewState":{"showFog":true,"showMaterialUpdate":false,"showSkybox":false,"showFlares":true,"showImageEffects":true,"showParticleSystems":true},"in2DMode":false,"pivot":{"x":-0.33293020725250246,"y":1.9480987787246705,"z":-4.947890281677246},"rotation":{"x":0.10207140445709229,"y":-0.8293068408966065,"z":0.1612391322851181,"w":0.5252897143363953},"size":10.691292762756348,"orthographic":false}