{"cameraMode":{"drawMode":0,"name":"Shaded","section":"Shading Mode"},"sceneLighting":true,"audioPlay":false,"sceneViewState":{"showFog":true,"showMaterialUpdate":false,"showSkybox":false,"showFlares":true,"showImageEffects":true,"showParticleSystems":true},"in2DMode":false,"pivot":{"x":-9.91473388671875,"y":-1.2457551956176758,"z":24.85356330871582},"rotation":{"x":0.2388644963502884,"y":0.17748615145683289,"z":-0.04441652446985245,"w":0.9537482261657715},"size":25.177541732788087,"orthographic":false}