{"cameraMode":{"drawMode":0,"name":"Shaded","section":"Shading Mode"},"sceneLighting":false,"audioPlay":false,"sceneViewState":{"showFog":true,"showMaterialUpdate":false,"showSkybox":false,"showFlares":true,"showImageEffects":true,"showParticleSystems":true},"in2DMode":false,"pivot":{"x":-1.7881393432617188e-7,"y":0.0625782385468483,"z":0.0},"rotation":{"x":-0.31263411045074465,"y":-0.015426461584866047,"z":0.005018757656216621,"w":-0.9497572779655457},"size":3.1733367443084719,"orthographic":false}