{"cameraMode":{"drawMode":0,"name":"Shaded","section":"Shading Mode"},"sceneLighting":true,"audioPlay":false,"sceneViewState":{"showFog":true,"showMaterialUpdate":false,"showSkybox":false,"showFlares":true,"showImageEffects":true,"showParticleSystems":true},"in2DMode":false,"pivot":{"x":-29.214754104614259,"y":-10.287162780761719,"z":22.161483764648439},"rotation":{"x":-0.3926750719547272,"y":0.09653345495462418,"z":-0.04151342436671257,"w":-0.9137119650840759},"size":170.2960662841797,"orthographic":false}