{"cameraMode":{"drawMode":0,"name":"Shaded","section":"Shading Mode"},"sceneLighting":false,"audioPlay":false,"sceneViewState":{"showFog":true,"showMaterialUpdate":false,"showSkybox":false,"showFlares":true,"showImageEffects":true,"showParticleSystems":true},"in2DMode":false,"pivot":{"x":965.6950073242188,"y":533.4200439453125,"z":0.0},"rotation":{"x":-0.014994763769209385,"y":0.025492267683148385,"z":0.00038432423025369644,"w":0.9995715618133545},"size":215.32920837402345,"orthographic":true}