{"cameraMode":{"drawMode":0,"name":"Shaded","section":"Shading Mode"},"sceneLighting":true,"audioPlay":false,"sceneViewState":{"showFog":true,"showMaterialUpdate":false,"showSkybox":true,"showFlares":true,"showImageEffects":true,"showParticleSystems":true},"in2DMode":false,"pivot":{"x":590.9335327148438,"y":116.7235107421875,"z":-32.070556640625},"rotation":{"x":0.08630868792533875,"y":0.11511966586112976,"z":-0.010035456158220768,"w":0.9895475506782532},"size":905.201171875,"orthographic":false}