{"cameraMode":{"drawMode":0,"name":"Shaded","section":"Shading Mode"},"sceneLighting":false,"audioPlay":false,"sceneViewState":{"showFog":true,"showMaterialUpdate":false,"showSkybox":false,"showFlares":true,"showImageEffects":true,"showParticleSystems":true},"in2DMode":false,"pivot":{"x":-16.24587059020996,"y":7.696691513061523,"z":25.0},"rotation":{"x":-0.11589539796113968,"y":0.06667960435152054,"z":-0.007657989393919706,"w":-0.9910908341407776},"size":73.83686828613281,"orthographic":false}