{"cameraMode":{"drawMode":0,"name":"Shaded","section":"Shading Mode"},"sceneLighting":false,"audioPlay":false,"sceneViewState":{"showFog":true,"showMaterialUpdate":false,"showSkybox":false,"showFlares":true,"showImageEffects":true,"showParticleSystems":true},"in2DMode":false,"pivot":{"x":0.011788487434387207,"y":0.29677873849868777,"z":0.0},"rotation":{"x":-0.030538469552993776,"y":-0.9680169820785523,"z":0.14630010724067689,"w":-0.20202533900737763},"size":1.52483069896698,"orthographic":false}