{"cameraMode":{"drawMode":0,"name":"Shaded","section":"Shading Mode"},"sceneLighting":true,"audioPlay":false,"sceneViewState":{"showFog":true,"showMaterialUpdate":false,"showSkybox":false,"showFlares":true,"showImageEffects":true,"showParticleSystems":true},"in2DMode":false,"pivot":{"x":47.75220489501953,"y":0.00000762939453125,"z":-18.7022705078125},"rotation":{"x":-0.3697067201137543,"y":-0.621476411819458,"z":0.4179243743419647,"w":-0.550078272819519},"size":267.54132080078127,"orthographic":false}