{"cameraMode":{"drawMode":0,"name":"Shaded","section":"Shading Mode"},"sceneLighting":false,"audioPlay":false,"sceneViewState":{"showFog":true,"showMaterialUpdate":false,"showSkybox":false,"showFlares":true,"showImageEffects":true,"showParticleSystems":true},"in2DMode":false,"pivot":{"x":1.829779863357544,"y":1.7516887187957764,"z":8.325640678405762},"rotation":{"x":0.006106249988079071,"y":0.5874882340431213,"z":-0.004354356322437525,"w":0.8092454075813294},"size":5.777249336242676,"orthographic":false}